{
  "train_r2": 0.9610194162281174,
  "test_r2": 0.8402539407448015,
  "mape": 8.748565833686357,
  "rmse": 19.362719104527077,
  "model_type": "Random Forest",
  "accuracy": 0.8402539407448015
}